rank,uri,artist_names,track_name,source,peak_rank,previous_rank,weeks_on_chart,streams
1,"spotify:track:4ZpIuzx91EAPK3VimONbfB","ZEG P, Hamza, SCH","FADE UP","On Da Trax",1,2,8,"2834154"
2,"spotify:track:0z3bi63SNZ5ylyHOzb81Uq","Gambi","PETETE","Rec. 118",1,1,3,"2689955"
3,"spotify:track:3D29kjUyWxsT3jUUTtARVQ","Gazo","DIE","BSB PROD",3,34,7,"2611893"
4,"spotify:track:6OZwia8loN0aPS0vTvsBjR","Alonzo, Ninho, Naps","TOUT VA BIEN (feat. Ninho & Naps)","ONLY PRO",1,3,13,"2087728"
5,"spotify:track:3BnDvpeuGOj21Ir2aVEtQo","Rema","Calm Down","Mavin Records / Jonzing World",2,4,17,"1837729"
6,"spotify:track:6PrB4KpvuoYWtwjPC5a44S","Soolking, Niska","Balader","Universal Music Division Capitol Music France",5,5,12,"1760316"
7,"spotify:track:6KHsTu4Ht4XYiWcZOOdwbW","Fresh","Chop (Nouvelle École)","Netflix Music, LLC",1,6,8,"1538094"
8,"spotify:track:3LtpKP5abr2qqjunvjlX5i","Central Cee","Doja","Central Cee",8,12,4,"1469086"
9,"spotify:track:4Dvkj6JhhA12EX05fT7y2e","Harry Styles","As It Was","Columbia",1,7,20,"1411093"
10,"spotify:track:3fgEIHsl6ecyAK1rpAxBIY","Jul","J'ai tout su","D'Or et de Platine",3,8,11,"1373039"
11,"spotify:track:48BdA5qBxXVoe59xvu0bwc","Gazo","RAPPEL","BSB PROD",4,10,8,"1330097"
12,"spotify:track:6Qe7YCkIOc1iaw9HKqO3qV","Soolking","Suavemente","Universal Music Division Capitol Music France",1,9,25,"1292013"
13,"spotify:track:6kwmp0U8M1tPvgPHqvbwsr","Tiakola, Rsko","Gasolina (feat. Rsko)","Wati-B",6,11,12,"1184573"
14,"spotify:track:7eb7JIRN6HKpedFSDGd4yI","Timal, Gazo","Filtré","Universal Music Distribution Deal",2,13,27,"1148563"
15,"spotify:track:4h9wh7iOZ0GGn8QVp4RAOB","OneRepublic","I Ain't Worried","Interscope Records",15,17,10,"1148485"
16,"spotify:track:5QowMIujytktMDC8pktNXH","Naps, Gazo","Vamos","Ok Many Industrie / 13Eme Art Music",9,14,9,"1104879"
17,"spotify:track:0i9RysNKssk6syOrKDX3U2","Gazo, Tiakola","FLEURS (feat. Tiakola)","BSB PROD",12,23,7,"1070667"
18,"spotify:track:2DB4DdfCFMw1iaR6JaR03a","Camila Cabello, Ed Sheeran","Bam Bam (feat. Ed Sheeran)","Epic",10,15,24,"1068980"
19,"spotify:track:2wXS2IXCyBX0WL76LLYT31","Gazo","CELINE 3X","BSB PROD",2,19,15,"1060995"
20,"spotify:track:3TVUW7bJJWDOonkVCZxfLV","Beendo Z","Pas bête","GUETTE MUSIC / ADA France",18,18,7,"1003103"
21,"spotify:track:7fZBQnc0zXwVybgCIrQQil","Imanbek, BYOR","Belly Dancer","Musical Freedom",18,21,17,"999220"
22,"spotify:track:6aZPMuJetqwKQCPClCNgd3","Yanns","Clic clic pan pan","Prodige music",8,16,32,"994298"
23,"spotify:track:5QQKWOwPjG9vcDBTQ5Hv5Q","PEDRO SAMPAIO, Anitta, Dadju, Mc Pedrinho, Nicky Jam","DANÇARINA (feat. Nicky Jam, MC Pedrinho) - Remix","WM Brazil",23,26,3,"991836"
24,"spotify:track:4UyVCLbNG8yhrqbzeSmdho","Black Eyed Peas, Shakira, David Guetta","Don't You Worry","Universal Music Division Polydor",24,28,5,"991832"
25,"spotify:track:5ildQOEKmJuWGl2vRkFdYc","ROSALÍA","DESPECHÁ","Columbia",25,79,3,"988333"
26,"spotify:track:5EWPzyWm0b9McPS5Qyaijp","Pierre de Maere","Un jour je marierai un ange","Wagram Music / Cinq 7",24,25,4,"928821"
27,"spotify:track:6KNw3UKRp3QRsO7Cf4ASVE","Gazo","MOLLY - A COLORS SHOW","BSB PROD",6,27,12,"925333"
28,"spotify:track:75FEaRjZTKLhTrFGsfMUXR","Kate Bush","Running Up That Hill (A Deal With God)","Parlophone UK",2,20,12,"881095"
29,"spotify:track:2toEys3zZ8rRB242Na7FZh","Disiz, Damso","RENCONTRE","Universal Music Distribution Deal",1,33,22,"843898"
30,"spotify:track:4BuRrEwP1C4E8NkpUMe6mI","Jul","Superstar","D'Or et de Platine",4,24,13,"828035"
31,"spotify:track:54ipXppHLA8U4yqpOFTUhr","Imagine Dragons","Bones","Kid Ina Korner / Interscope",24,32,23,"826217"
32,"spotify:track:6HTJgY7iWWlVLSDHsfHePf","Ninho","Jefe","Rec. 118 / Mal Luné Music",1,36,37,"794939"
33,"spotify:track:6jcfITWcR5egvbD4fsGayr","Kungs","Clap Your Hands","Universal Music Division Island Def Jam",19,31,23,"774783"
34,"spotify:track:5YbPxJwPfrj7uswNwoF1pJ","Burna Boy","Last Last","Spaceship/ Bad Habit/Atlantic Records",34,37,7,"767724"
35,"spotify:track:181AxLRTyYh9WUxEjmJt1Y","Willy William","Trompeta","Scorpio Music",20,22,19,"758048"
36,"spotify:track:3wfQEIvOfeVkXgGZogK3gL","RIDSA","Santa Maria","Play Two",14,35,25,"740880"
37,"spotify:track:5S12Ds2RswM2ITC0u1J01f","Ninho","VVS","Rec. 118 / Mal Luné Music",2,45,37,"735221"
38,"spotify:track:6Y46tOTRhkBamosyuWa6YX","ROSALÍA, The Weeknd","LA FAMA (with The Weeknd)","Columbia",5,30,39,"717116"
39,"spotify:track:5b8HD1dJDuPawgS5FjSC2q","Tiakola, Niska, Gazo","Mode AV (feat. Niska & Gazo)","Wati-B",16,46,12,"710267"
40,"spotify:track:1bwhDrXcAtqePp8mNJ0pTe","Naps","La kiffance","OK Many Industrie et 13ème art Music",1,42,77,"709461"
41,"spotify:track:2cHQh4eyfAasH8AzkiFtJO","Dadju, Ronisia","Toko Toko","Universal Music Division Capitol Music France",30,39,17,"706601"
42,"spotify:track:4zN21mbAuaD0WqtmaTZZeP","James Hype, Miggy Dela Rosa","Ferrari","Universal-Island Records Ltd.",42,113,4,"691875"
43,"spotify:track:3im90dPSC5z1PYJ305kgSy","Gazo, Damso","BODIES (feat. Damso)","BSB PROD",3,49,7,"685646"
44,"spotify:track:6JIC3hbC28JZKZ8AlAqX8h","Elton John, Dua Lipa, PNAU","Cold Heart - PNAU Remix","EMI",11,44,52,"678226"
45,"spotify:track:46vfSYsDJZaNQcD4YvT8GD","Naps, GIMS","Best life","OK Many Industrie/13ème Art Music",3,47,46,"670341"
46,"spotify:track:1cgRpYVOkYnxomkDpYLyba","Koba LaD, Naps","Doudou","Universal Music Division Capitol Music France",4,43,36,"669690"
47,"spotify:track:5pyoxDZ1PX0KxBxiRVxA4U","Beyoncé","BREAK MY SOUL","Parkwood Entertainment/Columbia",35,52,9,"638631"
48,"spotify:track:1c2hJSwcCfoPEw1su83Sw0","Lady Gaga","Hold My Hand","Interscope Records",41,50,12,"638553"
49,"spotify:track:5h9OvsTeNydBaZp7swQubV","Angèle","Libre","Angèle VL Records",34,51,22,"637636"
50,"spotify:track:6lZ5p6VTbZ2ZvnsdTlLv7I","CKay","Emiliana","WM South Africa",10,40,32,"635454"
51,"spotify:track:2rurDawMfoKP4uHyb2kJBt","Shakira, Rauw Alejandro","Te Felicito","Sony Music Latin",41,59,6,"630204"
52,"spotify:track:6YWjskKykdPsBuiTBOg1VK","Damso","Δ. Dieu ne ment jamais","Universal Music Division Capitol Music France",8,63,33,"617512"
53,"spotify:track:1WCEAGGRD066z2Q89ObXTq","David Guetta, Becky Hill, Ella Henderson","Crazy What Love Can Do","Parlophone UK",53,60,18,"616837"
54,"spotify:track:2PG3D6a0BaldrZB9W0FPuv","Sound Of Legend","Maniac","Play Two",30,48,14,"604859"
55,"spotify:track:6hVOBUdubnXycTHmwBjkUO","Keen' V","Outété","Parlophone (France)",48,54,9,"603609"
56,"spotify:track:717QGTmZdkemDaCo1vQHG0","13 Organisé, SCH, Kofs, Jul, Naps, Soso Maness, Elams, Solda, Houari","Bande organisée","Rien 100 Rien",1,53,105,"594423"
57,"spotify:track:58HvfVOeJY7lUuCqF0m3ly","Elley Duhé","MIDDLE OF THE NIGHT","Not Fit For Society/RCA Records",14,38,28,"590273"
58,"spotify:track:0Jh6iWjna1wk5le0Ahn7No","Ninho","La vie qu'on mène","Rec. 118 / Mal Luné Music",3,58,178,"588903"
59,"spotify:track:0RGpd5zCowfEItCUF7Itpr","Farruko","Nazareno","Sony Music Latin",59,74,5,"587661"
60,"spotify:track:2GS9AEoOjgbztBfIbCJ2mr","Lucenzo","Baila Pa Mi","Play Two",39,41,7,"584426"
61,"spotify:track:3mTOTW2KnH9pJlpy5o3cJK","Alonzo","TRAFICANTE","ONLY PRO",12,29,24,"581804"
62,"spotify:track:4vHy2IHzf3EabEa7oMpUZB","1da Banton","No Wahala","Squareball Ent. Limited",53,81,27,"570179"
63,"spotify:track:32ujt0CBVLsFyQtAhVk7WN","La petite culotte","La goffa Lolita","Parlophone (France)",63,104,3,"568951"
64,"spotify:track:63WuQOXohQIxOxIFA2K7bR","Måneskin","SUPERMODEL","Epic",63,68,12,"563131"
65,"spotify:track:2B4GHvToeLTOBB4QLzW3Ni","Farruko","Pepas","Sony Music Latin",2,57,53,"559700"
66,"spotify:track:4RVPmkIVvzcWF27zfn3sap","Fresh","Drama queen","ICB Records",13,55,9,"558828"
67,"spotify:track:1oXn8nhl44cH6HXqGQnOgY","Tiakola, Hamza","Atasanté (feat. Hamza)","Wati-B",21,62,12,"541871"
68,"spotify:track:62u6D0NgRPtFcCdF5rNLeh","Djadja & Dinaz","BONKASA","Carré music",24,56,5,"534959"
69,"spotify:track:6HMtHNpW6YPi1hrw9tgF8P","Lizzo","About Damn Time","Nice Life/Atlantic",59,67,15,"534718"
70,"spotify:track:0w6lsLBvhtGcqMYA7MB7r6","Orelsan","La Quête","Wagram Music / 3ème Bureau",2,70,39,"521324"
71,"spotify:track:5cqLFudVQryezmVFmmyRJN","Aya Nakamura, Damso","Dégaine (feat. Damso)","Rec. 118",1,61,24,"519199"
72,"spotify:track:2ewjMyCbNv2X1dB2qIDCwD","Damso","Θ. Macarena","Universal Music Division Capitol Music France",1,72,183,"518771"
73,"spotify:track:6ZujflJjESUbIV6LVgC9nY","Slimane","La recette","Universal Music Division Capitol Music France",64,64,9,"514755"
74,"spotify:track:5yHoANSze7sGzhn9MUarH3","SDM, Maes","Passat","Universal Music Division Capitol Music France",34,69,31,"510815"
75,"spotify:track:5ioieZofgvXQK70RFhVohl","PLK, OBOY","Attentat","Panenka Music",7,78,40,"506287"
76,"spotify:track:7MIhUdNJtaOnDmC5nBC1fb","Alok, Ella Eyre, Kenny Dope, Never Dull","Deep Down (feat. Never Dull)","Columbia/B1 Recordings",49,76,6,"499642"
77,"spotify:track:6hzi3AGB39FjxFqcjgbWs7","PNL","Deux frères","QLF Records",2,82,78,"498337"
78,"spotify:track:3ElGRG3DqSzzkh1b2wnbzf","Gabry Ponte, LUM!X, Daddy DJ","We Could Be Together (feat. Daddy DJ)","Spinnin' Records",61,66,8,"497747"
79,"spotify:track:02MWAaffLxlfxAUY7c5dvx","Glass Animals","Heat Waves","Polydor Records",11,75,56,"493079"
80,"spotify:track:6sutxiq0dIw77z0rCB3Ekk","1PLIKÉ140","CANADA","Universal Music Division Capitol Music France",4,80,32,"490973"
81,"spotify:track:3UizQJoEShTLDSUUByJLDr","menace Santana","Guapman","FAKE DREAM MUSIC",46,92,5,"486293"
82,"spotify:track:4IbDTrLxImTJfZePAX2nKB","Koba LaD, Gazo","Daddy chocolat","Grinta Records, en coproduction avec Millenium, un label Universal Music France",2,91,61,"484603"
83,"spotify:track:1O1EqgvgRyj1ejZPUxI0UX","Ninho","Vérité","Rec. 118 / Mal Luné Music",3,88,37,"481846"
84,"spotify:track:3FkeNbs9Zeiqkr3WkbOiGp","Anitta","Envolver","Warner Records",39,73,21,"479769"
85,"spotify:track:1xrNLqTt0HmrwdZhigBAim","The Avener, Waldeck, Patrizia Ferrara","Quando Quando","Universal Music Division Capitol Music France",84,84,5,"477882"
86,"spotify:track:1qqSQhDwPXl8WY0Fxx9kIt","Ed Sheeran, Lil Baby","2step (feat. Lil Baby)","Atlantic Records UK",86,114,6,"477472"
87,"spotify:track:4fouWK6XVHhzl78KzQ1UjL","GAYLE","abcdefu","Atlantic/Arthouse Records",5,77,39,"473363"
88,"spotify:track:656vbT8JKkVx7g1yG12L89","OBOY","Avec Toi","SYNDICATE RECORDS",36,87,59,"471242"
89,"spotify:track:7sA2SKTo1QbTSSYn5YvJC4","Imagine Dragons","Sharks","Kid Ina Korner / Interscope",89,184,5,"470983"
90,"spotify:track:1bgL66Umw2xitBzjQnRSMx","Tiakola","Si j'savais","Wati-B",17,85,15,"470312"
91,"spotify:track:4hJhHbkhZFnxmWbAkZRoe0","Fireboy DML, Ed Sheeran","Peru","YBNL Nation / EMPIRE",44,65,32,"465105"
92,"spotify:track:4GCIYE1x1TWJCChPkpy9by","PNL","Onizuka","QLF Records",11,89,147,"464497"
93,"spotify:track:2G3xrYrlvuYhe9BkvJwybU","Emkal, Lynda","J'la connais, Pt. 1 - Remix","Hyper Focal",86,86,7,"462863"
94,"spotify:track:5YoDQgB4j7oBHWXH3DcwFD","OBOY","TDB","SYNDICATE RECORDS",1,83,59,"454407"
95,"spotify:track:3qYfcGBdH6Nqe18QTGgfXz","Mentissa","Et Bam","Tôt Ou Tard",77,93,15,"445963"
96,"spotify:track:6qvyN6NTUpdfOJRYjtSSd7","Josman","Intro","SIDELINE",23,99,22,"445597"
97,"spotify:track:1hnnVFx5L09yBEmkKC8WYB","Bigflo & Oli","J'étais pas là","Universal Music Division Polydor",36,90,10,"442542"
98,"spotify:track:6RXHipTclQenO0vKFeGZYi","Jul","La miss","D'Or et de Platine",19,94,36,"441655"
99,"spotify:track:52UT99qy9z0YfQ0CQLCmAu","Niska, Ninho","N.I","Universal Music Division Capitol Music France",2,108,42,"441287"
100,"spotify:track:6UlSVbJrj3wsyxjGM4KPAv","Gazo, Ninho","MAUVAIS 2X (feat. Ninho)","BSB PROD",13,103,39,"441057"
101,"spotify:track:3gAEAmxdP1GIjgQ3Zud2mE","Angèle, Damso","Démons","Angèle VL Records",5,98,37,"425346"
102,"spotify:track:5QO79kh1waicV47BqGRL3g","The Weeknd","Save Your Tears","Republic Records",5,97,76,"422728"
103,"spotify:track:5hquKiRUsOh0079PvO7EJN","Adé","Tout savoir","Tôt Ou Tard",103,118,4,"420462"
104,"spotify:track:1SlLP2AI4L2oh3VRJfHBpf","Blasterjaxx, Prezioso, LIZOT, Shibui","Hurricane (feat. SHIBUI)","Spinnin' Records",104,120,4,"419793"
105,"spotify:track:0VjIjW4GlUZAMYd2vXMi3b","The Weeknd","Blinding Lights","Republic Records",1,102,142,"412429"
106,"spotify:track:7jtQIBanIiJOMS6RyCx6jZ","Tom Odell","Another Love","ITNO/Columbia",85,112,55,"410056"
107,"spotify:track:57acLvkLlixZ4wm6DBhLEu","Mastu","Balade à deux","Mastu",90,101,4,"406465"
108,"spotify:track:66tNDqYNR2S6Svwgm3BMi9","OBOY","Cabeza","Syndicate Records",5,117,111,"403969"
109,"spotify:track:7lipUxEvDX7gvpVLOoqiau","Lomepal","Tee","Pinéale",11,107,11,"403280"
110,"spotify:track:2kg6gav2Y7ceVoZ0s5l3Zz","Niska","44","Universal Music Division Capitol Music France",22,121,27,"403160"
111,"spotify:track:1SOClUWhOi8vHZYMz3GluK","Jaymes Young","Infinity","Atlantic Records",11,100,39,"403095"
112,"spotify:track:0hveTnaqO8nXDMwwsJGJI3","SDM, Tiakola","Redescends (feat Tiakola)","92i/Capitol",34,96,5,"402556"
113,"spotify:track:0X5zETsfr8nGAVABRcD4o4","Djadja & Dinaz","Dans le Réseau","Carré music",16,116,50,"401438"
114,"spotify:track:4WB9OeauHXnGOMUK4s80gM","Lomepal","Trop beau","Pineale Prod - Grand Musique Management",1,106,191,"399878"
115,"spotify:track:6CyIkPh5mRkJg7T5xXynQ8","Hornet La Frappe, Ninho","Gasolina (feat. Ninho)","Rec. 118",11,109,51,"396553"
116,"spotify:track:3CIyK1V4JEJkg02E4EJnDl","Imagine Dragons, JID, Arcane, League of Legends","Enemy (with JID) - from the series Arcane League of Legends","Kid Ina Korner / Interscope",6,110,42,"394709"
117,"spotify:track:4wNyrbY6B2Okii8VeKo2B2","Tiakola","Meuda","Wati-B",37,124,12,"390265"
118,"spotify:track:0fukO3WYYUHaXOrvEohpEG","Damso","Σ. MOROSE","Trente-quatre Centimes",1,115,69,"388727"
119,"spotify:track:5PjdY0CKGZdEuoNab3yDmX","The Kid LAROI, Justin Bieber","STAY (with Justin Bieber)","Columbia",3,111,58,"384390"
120,"spotify:track:0Kvkx0NcqsdYOhQzYfDuDZ","Ziak","Fixette - Bonus","Universal Music Division Capitol Music France",1,119,49,"383473"
121,"spotify:track:0MG9FlA1CLNbHQSnQQaMF2","Jul","Ça tourne dans ma tête","D'Or et de Platine",13,105,15,"380103"
122,"spotify:track:6P3FBaZfUjeWYExU2ShaPZ","DTF","Me Gusta","QLF Records",49,134,62,"378741"
123,"spotify:track:5IgjP7X4th6nMNDh4akUHb","Chris Brown","Under The Influence","Chris Brown Entertainment/RCA Records",123,139,3,"378605"
124,"spotify:track:17jlkHSNHFu1zUuu8QZyOW","Dinos","Placebo","SPKTAQLR",124,146,2,"378112"
125,"spotify:track:4QAv7uyOwIgqOVgzczomOo","Leto, Tiakola","Mapessa (feat. Tiakola)","Rec. 118",9,125,48,"374575"
126,"spotify:track:63siBeZzxXVaY0uASns1V2","Bigflo & Oli, Julien Doré","Coup de vieux","Universal Music Division Polydor",89,190,5,"371645"
127,"spotify:track:7LQxyZwcn4Ryq4Z0qllQd3","Gazo","LETTRE À UN OPPS","BSB PROD",19,145,7,"367732"
128,"spotify:track:1I4dwH7C0jBAEtz5DjlJgQ","Sofia Carson","Come Back Home","Hollywood Records",128,149,2,"365884"
129,"spotify:track:1WkliDsYrTr7UdNcQVDy2Q","Werenoi","La League","PGP Records",129,155,2,"362501"
130,"spotify:track:0Wr98MVkENZXddiLB3bPb0","Louise Attaque","J't'emmène au vent","Universal Music Division Barclay",100,132,56,"359438"
131,"spotify:track:46HNZY1i7O6jwTA7Slo2PI","Coldplay, BTS","My Universe","Parlophone UK",30,126,42,"357360"
132,"spotify:track:3uUuGVFu1V7jTQL60S1r8z","Lost Frequencies, Calum Scott","Where Are You Now","Epic Amsterdam",16,123,51,"354687"
133,"spotify:track:6xGruZOHLs39ZbVccQTuPZ","Joji","Glimpse of Us","88rising Music/Warner Records",50,122,9,"352425"
134,"spotify:track:7ELft1cx8anhsXE405kckI","Tiakola","M3lo","Wati-B",31,130,17,"349212"
135,"spotify:track:7wFK2ReVQpq80IAGs6eI1l","Damso","Γ. Mosaïque solitaire","Universal Music Division Capitol Music France",4,138,89,"344965"
136,"spotify:track:03y045SZqaC94yfXl1cU4E","Soso Maness, PLK","Petrouchka (feat. PLK)","RCA Group",1,133,63,"342183"
137,"spotify:track:30d0q6kt1BIfwAQUCAfxVQ","Kerchak","Calme toi","Label Blue Sky",137,-1,1,"341171"
138,"spotify:track:2O9enJqAqs46tfBlGhLsnW","Le classico organisé, Koba LaD, Jul, PLK, SCH, Gazo, Soso Maness, Kofs, Guy2bezbar, Naps","Le classico organisé","Rien 100 Rien",1,127,41,"341070"
139,"spotify:track:3kK3R7mtv6Xr01MrkHPypO","Demszer","Ambiance Macabre","ATYR",139,170,2,"339069"
140,"spotify:track:5rNR50vhK4Uf46nY9k7oHy","Naps, SCH","Dreamlife","Ok Many Industrie / 13Eme Art Music",108,131,4,"337778"
141,"spotify:track:7l4o56YmVka0fzJZ9mC9vx","RIDSA","Olé","Play Two",141,157,3,"333306"
142,"spotify:track:22skzmqfdWrjJylampe0kt","Macklemore & Ryan Lewis, Macklemore, Ryan Lewis, Ray Dalton","Can't Hold Us (feat. Ray Dalton)","Macklemore",92,140,67,"332223"
143,"spotify:track:50nfwKoDiSYg8zOCREWAm5","Ed Sheeran","Shivers","Atlantic Records UK",10,129,49,"331891"
144,"spotify:track:6UelLqGlWMcVH1E5c4H7lY","Harry Styles","Watermelon Sugar","Columbia",25,137,80,"331020"
145,"spotify:track:476Nn5jU0ua9JnrAZcn6Fl","Nekfeu","Galatée","Universal Music Division Polydor",34,161,31,"330974"
146,"spotify:track:3F1P0QzdXtBz0MXy7KIO5w","Dua Lipa, Angèle","Fever","Warner Records",1,144,94,"325556"
147,"spotify:track:2Xr1dTzJee307rmrkt8c0g","CKay","love nwantiti (ah ah ah)","Chocolate City Music",6,141,49,"325430"
148,"spotify:track:6VOUfCrjmxH62oijWgbC6O","Orelsan","Jour meilleur","Wagram Music / 3ème Bureau",1,150,39,"325081"
149,"spotify:track:0SKNkEMV313mE6oYsgVCgm","Jul","J'oublie tout","Liga One Industry",85,148,12,"324734"
150,"spotify:track:4prkPuGjkzgYvdREsNw27F","Doums, Laylow","Stars","Frémont & co",53,136,5,"323354"
151,"spotify:track:0Db6ejFxY0v2eIWVTNpf6J","Clara Luciani","Amour toujours","Universal Music Division Romance Musique",104,154,23,"318618"
152,"spotify:track:3AwXhQWatI5b1sLIhsnOdP","Jul","Avant la douane","D'Or et de Platine",91,143,52,"318449"
153,"spotify:track:1s3XtkdfT3obSCbQVWtvX9","PNL","La misère est si belle","QLF Records",14,162,37,"318256"
154,"spotify:track:3ejRaW9IZCWkr15JN2OpQO","Green Montana, SDM","NEYMAR JR","Universal Music Division Capitol Music France",22,159,18,"317794"
155,"spotify:track:1F80MEkZA9yTlpMQp9dhht","Tinlicker, Helsloot","Because You Move Me","B1 Recordings",37,158,50,"315986"
156,"spotify:track:29n9av2AJlYDHtqfuv0X04","Jul, Morad","La street","D'Or et de Platine",45,152,36,"315456"
157,"spotify:track:5HEtuK03ygUzqca6yfgOYZ","Ninho","Lettre à une femme","Rec. 118 / Mal Luné Music",1,168,128,"314821"
158,"spotify:track:4kqsT3yDyJr1KZ2AkM9qfD","Nekfeu, Nemir","Elle pleut","Universal Music Division Polydor",4,176,97,"313892"
159,"spotify:track:0e8nrvls4Qqv5Rfa2UhqmO","Lil Nas X","THATS WHAT I WANT","Columbia",26,156,45,"313401"
160,"spotify:track:3sh1FSPv7vjwS1RQj3kLS5","Many Santana","Beldia (T'es bete ou quoi ?)","Qualidad record",81,160,10,"308397"
161,"spotify:track:2xG9MTahbJg4AUoJNbtTio","Maes, Tiakola, Zed","Mardi gras","Universal Music Division Capitol Music France",14,194,20,"307322"
162,"spotify:track:75UUG6x5zQe0gCVOiQpa6X","Purple Disco Machine, Sophie and the Giants","In The Dark","Columbia Local",76,164,18,"306903"
163,"spotify:track:0uSjZhPKuYBcObeetfVlpn","Werenoi","Solitaire","PLR MUSIC & PGP RECORDS",163,-1,1,"306768"
164,"spotify:track:2InKuNaoyiBDf4dmr780BZ","Le classico organisé, Elams, Naza, Tayc, Jul, Vegedream, Naps, Lynda, SAF, THABITI","Cœur de pirate","Rien 100 Rien",20,153,41,"306409"
165,"spotify:track:1JSTJqkT5qHq8MDJnJbRE1","The Police","Every Breath You Take","Polydor Records",165,172,5,"305433"
166,"spotify:track:5c2HadbVTsMKjja4gohEFI","Ninho, Niska","Maman ne le sait pas (feat. Niska)","Rec. 118 / Mal Luné Music",2,165,125,"304231"
167,"spotify:track:0RlsG2tl1JE53HC2zbeGnU","DA Uzi, Gazo","On se reverra plus (feat. Gazo)","Rec. 118 / Vrai2Vrai Industry",12,174,22,"303796"
168,"spotify:track:0QEZJGVv62OEzcurVhUNhk","Zola","Papel","AWA",33,163,6,"301031"
169,"spotify:track:0Fqpx84jq1cK3pDtPvTFyM","Gazo","BECTE","BSB PROD",24,-1,6,"299456"
170,"spotify:track:5lCxlSBFyP5g4EhVypAoOu","PNL","Au DD","QLF Records",1,189,151,"298963"
171,"spotify:track:2SUxn2O9NHL6GHGQFgwCY0","Ed Sheeran","2step","Atlantic Records UK",171,175,4,"298832"
172,"spotify:track:3sa06xVNmLLYIxdNNmVQN8","Jax Jones, MNEK","Where Did You Go? (feat. MNEK)","Polydor Records",54,142,14,"298114"
173,"spotify:track:6Vcxzw4ifKqYxVrp3ckpVF","Gazo","HAINE&SEX","BSB PROD",1,199,77,"296289"
174,"spotify:track:1O2mX6MrjsJlkCGEF0TVWL","PLK","Émotif (Booska 1H)","Panenka Music",39,200,36,"294113"
175,"spotify:track:5Z9KJZvQzH6PFmb8SNkxuk","Lil Nas X, Jack Harlow","INDUSTRY BABY (feat. Jack Harlow)","Columbia",2,169,56,"291230"
176,"spotify:track:3wU34gBKjzcDMxpHlTmihG","Amir","Ce soir","Parlophone (France)",176,-1,1,"291129"
177,"spotify:track:4tzw8KHA0K4LEcrHejQBJu","RK, Koba LaD","AQUA","Universal Music Distribution Deal",61,166,6,"289651"
178,"spotify:track:2WigMwGJysIh9fRnSJvpjn","Oxlade","KU LO SA - A COLORS SHOW","Epic",178,181,2,"289176"
179,"spotify:track:0uQwS44mtx629xnBcLkCvk","Leto","Mozart Capitaine Jackson (Episode 2)","Rec. 118",40,186,22,"287545"
180,"spotify:track:11HLDMuPD3wh88XHw4udKO","Laylow, Nekfeu, Fousheé","SPECIAL (feat. Nekfeu & Fousheé)","Digitalmundo",8,196,55,"286569"
181,"spotify:track:2N8m6CYs74qQO4mjVcXO30","Tones And I","Dance Monkey","Elektra (NEK)",2,178,138,"286469"
182,"spotify:track:0Q9yA6p8yufj42kYFZMdJa","S-Crew","22","Panenka Music",7,198,11,"285220"
183,"spotify:track:0ll8uFnc0nANY35E0Lfxvg","Keane","Somewhere Only We Know","Universal-Island Records Ltd.",163,192,4,"284226"
184,"spotify:track:2fuWIFyY452wmNOoT32EB8","Kungs","Never Going Home","Universal Music Division Island Def Jam",5,171,61,"283365"
185,"spotify:track:7ef4DlsgrMEH11cDZd32M6","Calvin Harris, Dua Lipa","One Kiss (with Dua Lipa)","Sony Music UK",3,173,59,"282556"
186,"spotify:track:0z0izoGFPCoPJKFi41azyb","Damso","Ε. Signaler","Universal Music Division Capitol Music France",5,167,80,"282466"
187,"spotify:track:2U5kSevItDmL0XzSDyemRp","Bon Entendeur, Isabelle Pierre","Le temps est bon","Columbia",35,193,60,"282249"
188,"spotify:track:1DIXPcTDzTj8ZMHt3PDt8p","Coolio, L.V.","Gangsta's Paradise","Tommy Boy Music, LLC",188,-1,2,"281547"
189,"spotify:track:2mL37yB3f3Lfy4iiXV02Qf","Farruko, Victor Cardenas, Dj Adoni","El Incomprendido","Sony Music Latin",25,71,22,"281061"
190,"spotify:track:6Fnriu0MGPeYMZ6l8GkWZm","Niska, Hamza","Jota","Universal Music Division Capitol Music France",14,188,9,"280730"
191,"spotify:track:2vd2HEhrkafOi2uveHjzzh","Alonzo, Jul, Naps","La Seleçao","Universal Music Distribution Deal",2,179,73,"280303"
192,"spotify:track:3rmo8F54jFF8OgYsqTxm5d","Ed Sheeran","Bad Habits","Atlantic Records UK",6,128,60,"279474"
193,"spotify:track:0ikMJLqx8rq19jb6tIfD0R","Tiakola, SDM","Roro (feat. SDM)","Wati-B",30,180,12,"278738"
194,"spotify:track:3dgrm8jRmsBvYWez7kojD2","Tayc, Tiakola","P A S C O M M E Ç A","Play Two",69,-1,13,"278717"
195,"spotify:track:5oePa8PlOTPAlRaGs2OZ3A","Ninho","Putana","Rec. 118 / Mal Luné Music",4,183,94,"278650"
196,"spotify:track:2USlegnFJLrVLpoVfPimKB","Gabry Ponte, LUM!X, Prezioso","Thunder","Spinnin' Records",13,185,36,"278121"
197,"spotify:track:14M6BbiHt2w9KHVvoIUIUF","Jul","Pic et pic, alcool et drame","D'Or et de Platine",4,182,60,"277127"
198,"spotify:track:1p9dxTMtG4gZpLp7yzvT54","Therapie TAXI","Eté 90","Panenka Music",14,187,81,"277106"
199,"spotify:track:2Yu8DEe4uc8ApN7t7q0P4s","Juliette Armanet","Le Dernier Jour du Disco","Universal Music Division Romance Musique",83,-1,37,"276623"
200,"spotify:track:5gJTFGsEWpjma28XdJbkWP","Ashh","Motel","Universal Music Distribution Deal",196,-1,4,"271936"
